id_socio;nombre_completo;correo;telefono;fecha_afiliacion;id_membresia
1;Liss Windsor;marcos.valentine7314@vibefit.com;7218-9809;2021-05-21;8
2;Berit Flores;john.fuentes8452@vibefit.com;7218-3257;2020-07-15;14
3;Barbara Valentine;barbara.flores8562@vibefit.com;7218-1819;2022-07-11;5
4;Liss Potter;josh.coleman7831@vibefit.com;7218-8565;2024-08-23;14
5;Liss Coleman;berit.vega8530@vibefit.com;7218-8117;2023-05-05;12
6;Suzy Fuentes;gregorovich.holgrem5014@vibefit.com;7218-2516;2023-11-01;4
7;Barbara Fuentes;josh.gutierrez3132@vibefit.com;7218-3214;2022-09-27;9
8;Barbara Windsor;john.flores3480@vibefit.com;7218-9180;2021-12-24;9
9;Berit Winchester;hector.saltzman2120@vibefit.com;7218-8176;2025-04-08;12
10;Hector Saltzman;josh.flores8343@vibefit.com;7218-8797;2020-12-18;13
11;Victoria Winchester;esme.saltzman7538@vibefit.com;7218-3516;2021-08-25;6
12;Freya Wright;liss.fuentes3156@vibefit.com;7218-6280;2025-06-16;4
13;Marcos Flores;liss.wright1256@vibefit.com;7218-6034;2025-12-20;8
14;Victoria Smith;voight.coleman8008@vibefit.com;7218-9711;2020-08-29;3
15;Esme Flores;liss.wright5740@vibefit.com;7218-4736;2022-09-15;12
16;Voight Windsor;gregorovich.potter9600@vibefit.com;7218-7864;2022-02-10;4
17;Barbara Vega;marcos.fuentes2044@vibefit.com;7218-5078;2023-01-28;13
18;Freya Gutierrez;marcos.saltzman4708@vibefit.com;7218-1234;2025-11-06;7
19;Hector Fuentes;suzy.winchester728@vibefit.com;7218-7723;2020-03-27;4
20;Victoria Winchester;voight.winchester8034@vibefit.com;7218-9383;2020-09-19;9
21;Berit Valentine;marcos.holgrem2192@vibefit.com;7218-1101;2022-01-01;10
22;Victoria Gutierrez;liss.windsor2236@vibefit.com;7218-7464;2022-02-02;13
23;Gregorovich Flores;kim.coleman3638@vibefit.com;7218-1031;2023-09-05;4
24;Freya Gutierrez;berit.valentine4724@vibefit.com;7218-5170;2024-09-04;13
25;Victoria Fuentes;barbara.potter7318@vibefit.com;7218-7501;2022-10-26;10
26;Victoria Winchester;esme.smith5234@vibefit.com;7218-6969;2025-04-23;15
27;Josh Vega;voight.gutierrez1594@vibefit.com;7218-6902;2021-02-27;11
28;Esme Windsor;freya.flores1400@vibefit.com;7218-1318;2021-11-27;5
29;Suzy Fuentes;barbara.windsor6694@vibefit.com;7218-5040;2020-09-16;15
30;Kim Valentine;esme.saltzman5106@vibefit.com;7218-9111;2025-11-28;2
31;Esme Saltzman;hector.flores2129@vibefit.com;7218-5874;2025-12-14;13
32;Esme Gutierrez;gregorovich.wright2264@vibefit.com;7218-4375;2023-09-29;14
33;Freya Vega;liss.windsor2083@vibefit.com;7218-1287;2021-10-19;11
34;Esme Vega;voight.smith142@vibefit.com;7218-8634;2022-06-10;7
35;Gregorovich Wright;gregorovich.wright2380@vibefit.com;7218-7024;2025-06-27;2
36;Esme Holgrem;liss.saltzman7683@vibefit.com;7218-8824;2024-07-21;5
37;Voight Gutierrez;gregorovich.potter611@vibefit.com;7218-8331;2022-12-04;10
38;Suzy Smith;berit.saltzman1382@vibefit.com;7218-8179;2020-12-23;12
39;Gregorovich Coleman;victoria.vega3270@vibefit.com;7218-5279;2022-01-25;12
40;Gregorovich Smith;freya.coleman9907@vibefit.com;7218-2051;2023-04-13;2
41;John Smith;barbara.windsor3430@vibefit.com;7218-8265;2025-06-26;12
42;Marcos Smith;freya.flores515@vibefit.com;7218-2214;2025-03-26;4
43;Berit Saltzman;hector.winchester9140@vibefit.com;7218-4324;2021-07-31;7
44;John Wright;berit.winchester8104@vibefit.com;7218-4453;2024-04-15;1
45;Esme Windsor;gregorovich.saltzman1400@vibefit.com;7218-9305;2020-08-17;12
46;Kim Coleman;kim.winchester5499@vibefit.com;7218-9962;2022-06-12;4
47;John Vega;liss.wright9471@vibefit.com;7218-6865;2021-06-27;14
48;Josh Gutierrez;marcos.coleman3955@vibefit.com;7218-7069;2022-10-21;12
49;Suzy Winchester;freya.coleman5965@vibefit.com;7218-2081;2025-08-08;14
50;Voight Flores;voight.wright1337@vibefit.com;7218-8728;2023-11-07;3
51;Suzy Fuentes;victoria.fuentes1856@vibefit.com;7218-9240;2022-10-09;13
52;Freya Coleman;john.gutierrez7016@vibefit.com;7218-5766;2022-05-22;8
53;Liss Coleman;kim.fuentes6991@vibefit.com;7218-4862;2021-04-02;11
54;Freya Wright;liss.winchester3498@vibefit.com;7218-3140;2022-03-27;9
55;Kim Gutierrez;kim.flores3051@vibefit.com;7218-5385;2022-03-14;9
56;Esme Vega;esme.potter389@vibefit.com;7218-4525;2024-04-13;7
57;Hector Winchester;gregorovich.flores1173@vibefit.com;7218-8418;2025-01-10;5
58;Victoria Holgrem;voight.wright5365@vibefit.com;7218-8120;2022-09-27;14
59;John Saltzman;liss.windsor2088@vibefit.com;7218-1742;2023-05-11;2
60;Hector Holgrem;marcos.holgrem1620@vibefit.com;7218-3621;2023-01-06;5
61;Gregorovich Holgrem;esme.vega7467@vibefit.com;7218-6607;2024-09-17;12
62;Marcos Flores;voight.wright7459@vibefit.com;7218-6220;2024-11-27;3
63;Victoria Gutierrez;freya.fuentes3335@vibefit.com;7218-7052;2022-06-12;4
64;Suzy Smith;victoria.windsor2372@vibefit.com;7218-4026;2023-06-05;14
65;Esme Potter;victoria.coleman645@vibefit.com;7218-7732;2023-04-03;9
66;Liss Coleman;esme.vega9859@vibefit.com;7218-4840;2025-03-20;2
67;Hector Potter;voight.potter3151@vibefit.com;7218-5202;2020-08-15;8
68;Berit Gutierrez;josh.fuentes143@vibefit.com;7218-9981;2024-12-15;6
69;Voight Valentine;gregorovich.smith5200@vibefit.com;7218-5318;2024-02-02;15
70;Hector Valentine;victoria.holgrem6961@vibefit.com;7218-7338;2022-02-27;3
71;Berit Winchester;liss.gutierrez8945@vibefit.com;7218-3132;2023-04-09;6
72;Liss Vega;suzy.holgrem3867@vibefit.com;7218-2186;2024-03-01;4
73;Berit Vega;esme.smith6862@vibefit.com;7218-4069;2024-03-06;14
74;Freya Vega;freya.flores8117@vibefit.com;7218-5411;2025-10-30;5
75;Josh Saltzman;suzy.potter7961@vibefit.com;7218-7575;2022-01-12;12
76;Berit Fuentes;john.saltzman4782@vibefit.com;7218-9812;2023-01-09;13
77;Esme Gutierrez;esme.wright8876@vibefit.com;7218-9717;2023-05-30;3
78;Kim Holgrem;josh.vega8952@vibefit.com;7218-7343;2023-06-05;15
79;Victoria Flores;esme.winchester7049@vibefit.com;7218-5553;2022-04-12;10
80;John Vega;josh.potter7736@vibefit.com;7218-3238;2021-07-05;3
81;Marcos Gutierrez;liss.flores9341@vibefit.com;7218-1891;2025-09-29;10
82;Hector Winchester;freya.winchester2985@vibefit.com;7218-3337;2023-07-12;3
83;Berit Wright;hector.gutierrez3190@vibefit.com;7218-1703;2023-05-14;11
84;Victoria Potter;voight.wright187@vibefit.com;7218-3567;2021-09-21;14
85;Josh Winchester;suzy.windsor6959@vibefit.com;7218-6189;2025-03-28;5
86;Marcos Wright;esme.wright7678@vibefit.com;7218-8842;2020-12-22;2
87;John Gutierrez;josh.winchester3427@vibefit.com;7218-5823;2024-10-14;11
88;Barbara Valentine;suzy.saltzman6034@vibefit.com;7218-3329;2021-02-02;5
89;John Coleman;barbara.windsor6929@vibefit.com;7218-3030;2025-08-31;13
90;Hector Fuentes;voight.vega1927@vibefit.com;7218-7631;2025-12-16;12
91;Victoria Windsor;kim.potter3444@vibefit.com;7218-5924;2025-11-24;8
92;Gregorovich Smith;josh.saltzman5685@vibefit.com;7218-6498;2020-12-20;5
93;Freya Gutierrez;john.winchester4869@vibefit.com;7218-5514;2024-05-01;15
94;Esme Vega;suzy.coleman6122@vibefit.com;7218-2583;2020-10-06;9
95;Kim Potter;kim.smith5484@vibefit.com;7218-7374;2024-12-26;8
96;Liss Vega;gregorovich.winchester5760@vibefit.com;7218-2533;2021-07-26;14
97;Kim Smith;marcos.fuentes8279@vibefit.com;7218-2070;2022-09-17;2
98;Barbara Fuentes;hector.flores9368@vibefit.com;7218-1327;2020-04-26;15
99;Suzy Fuentes;gregorovich.flores9192@vibefit.com;7218-2494;2021-10-03;11
100;Marcos Potter;freya.flores193@vibefit.com;7218-9012;2021-06-16;12
101;Kim Fuentes;freya.potter5083@vibefit.com;7218-3024;2024-05-31;9
102;Freya Coleman;marcos.winchester3281@vibefit.com;7218-8512;2024-10-11;4
103;Suzy Smith;kim.potter3322@vibefit.com;7218-4370;2021-03-07;12
104;Barbara Holgrem;marcos.gutierrez2508@vibefit.com;7218-1192;2022-07-22;7
105;Voight Smith;hector.gutierrez1769@vibefit.com;7218-5878;2020-05-13;2
106;Victoria Coleman;freya.windsor1760@vibefit.com;7218-9078;2025-12-07;11
107;Hector Wright;esme.winchester8319@vibefit.com;7218-4511;2022-07-27;5
108;Suzy Saltzman;kim.windsor7545@vibefit.com;7218-2649;2021-11-15;11
109;Hector Valentine;barbara.potter872@vibefit.com;7218-9482;2021-07-08;1
110;John Saltzman;john.saltzman9452@vibefit.com;7218-2476;2020-03-21;3
111;Victoria Vega;kim.holgrem3737@vibefit.com;7218-7309;2024-07-15;11
112;Liss Smith;hector.smith2403@vibefit.com;7218-6107;2020-11-24;7
113;Victoria Potter;josh.fuentes4100@vibefit.com;7218-4081;2021-01-24;8
114;Freya Wright;suzy.flores9360@vibefit.com;7218-9346;2020-02-24;3
115;Josh Holgrem;josh.fuentes2794@vibefit.com;7218-5748;2025-03-21;15
116;Liss Holgrem;gregorovich.potter1780@vibefit.com;7218-1335;2022-04-02;9
117;John Vega;josh.smith8710@vibefit.com;7218-8893;2020-08-25;10
118;Voight Flores;barbara.holgrem2818@vibefit.com;7218-6154;2022-08-03;14
119;Voight Saltzman;freya.smith6723@vibefit.com;7218-9715;2020-06-19;4
120;Hector Smith;john.saltzman1467@vibefit.com;7218-1130;2020-10-19;5
121;Gregorovich Potter;hector.wright8609@vibefit.com;7218-8618;2025-02-26;9
122;Berit Windsor;john.smith5069@vibefit.com;7218-7316;2025-01-19;2
123;Voight Potter;kim.flores7775@vibefit.com;7218-2709;2020-10-27;10
124;Berit Smith;john.wright9088@vibefit.com;7218-3603;2023-04-17;2
125;Voight Fuentes;esme.fuentes4884@vibefit.com;7218-2526;2023-07-17;7
126;Berit Saltzman;victoria.valentine3590@vibefit.com;7218-8043;2023-11-14;14
127;Barbara Wright;voight.vega887@vibefit.com;7218-4581;2023-05-12;6
128;Freya Holgrem;barbara.valentine3458@vibefit.com;7218-7312;2020-11-02;1
129;Berit Flores;marcos.fuentes4535@vibefit.com;7218-7674;2023-08-15;13
130;Barbara Fuentes;marcos.flores1281@vibefit.com;7218-4814;2023-03-24;6
131;Kim Wright;berit.smith8845@vibefit.com;7218-2235;2022-06-06;3
132;Victoria Coleman;berit.winchester3192@vibefit.com;7218-5925;2020-03-18;5
133;Voight Holgrem;barbara.saltzman3261@vibefit.com;7218-8298;2021-03-18;12
134;Voight Potter;john.fuentes7192@vibefit.com;7218-6484;2025-07-16;4
135;Barbara Holgrem;barbara.valentine8101@vibefit.com;7218-1462;2023-04-02;13
136;Josh Smith;suzy.winchester7309@vibefit.com;7218-1078;2022-01-13;5
137;Hector Potter;hector.fuentes2636@vibefit.com;7218-9233;2023-10-18;10
138;Josh Coleman;suzy.winchester3790@vibefit.com;7218-9258;2022-11-30;15
139;Freya Holgrem;barbara.gutierrez2464@vibefit.com;7218-3464;2022-10-29;13
140;Victoria Saltzman;freya.flores6464@vibefit.com;7218-1353;2021-09-01;6
141;Marcos Gutierrez;barbara.potter1198@vibefit.com;7218-5755;2024-06-13;9
142;Voight Valentine;barbara.vega4306@vibefit.com;7218-2514;2021-10-23;1
143;Voight Saltzman;voight.smith2221@vibefit.com;7218-2900;2024-07-03;4
144;Gregorovich Vega;gregorovich.saltzman1713@vibefit.com;7218-3085;2025-12-16;14
145;Victoria Vega;gregorovich.fuentes7798@vibefit.com;7218-7036;2024-12-03;2
146;Victoria Vega;victoria.gutierrez7099@vibefit.com;7218-2574;2024-03-24;5
147;Hector Potter;marcos.flores4354@vibefit.com;7218-1056;2020-11-30;15
148;Marcos Flores;esme.wright4350@vibefit.com;7218-6989;2025-12-17;4
149;Liss Winchester;suzy.holgrem666@vibefit.com;7218-6414;2024-01-21;2
150;Hector Wright;freya.holgrem6168@vibefit.com;7218-2960;2023-08-18;6
151;Kim Saltzman;josh.fuentes695@vibefit.com;7218-4147;2020-03-28;11
152;Victoria Saltzman;josh.valentine2547@vibefit.com;7218-4409;2021-09-06;8
153;Josh Potter;barbara.coleman1146@vibefit.com;7218-2156;2021-07-31;6
154;Suzy Winchester;kim.gutierrez7562@vibefit.com;7218-6156;2020-05-03;11
155;Barbara Vega;esme.valentine2386@vibefit.com;7218-1444;2024-11-28;1
156;Berit Flores;kim.vega6036@vibefit.com;7218-4292;2024-11-14;9
157;Gregorovich Wright;john.wright6921@vibefit.com;7218-3758;2021-03-08;1
158;Marcos Wright;esme.valentine4997@vibefit.com;7218-1803;2023-07-28;9
159;Gregorovich Coleman;josh.holgrem9688@vibefit.com;7218-4363;2023-10-06;12
160;Berit Fuentes;kim.coleman7187@vibefit.com;7218-9423;2020-12-22;2
161;Josh Fuentes;kim.fuentes1468@vibefit.com;7218-2403;2025-06-28;5
162;Berit Saltzman;josh.vega7882@vibefit.com;7218-4255;2023-05-11;8
163;Kim Valentine;suzy.windsor4494@vibefit.com;7218-6757;2022-11-23;2
164;Gregorovich Saltzman;suzy.holgrem3171@vibefit.com;7218-7106;2021-07-22;13
165;Josh Potter;kim.saltzman5298@vibefit.com;7218-5713;2023-05-04;10
166;Voight Fuentes;voight.gutierrez2707@vibefit.com;7218-6961;2022-05-07;10
167;Marcos Saltzman;barbara.vega1262@vibefit.com;7218-5476;2023-03-24;5
168;Suzy Holgrem;liss.vega5206@vibefit.com;7218-2611;2024-04-30;14
169;Esme Potter;kim.coleman6350@vibefit.com;7218-7388;2022-03-01;10
170;Voight Holgrem;hector.flores3146@vibefit.com;7218-1272;2025-11-11;6
171;Gregorovich Valentine;freya.coleman7651@vibefit.com;7218-5539;2025-08-01;13
172;Gregorovich Smith;john.holgrem1015@vibefit.com;7218-1424;2023-07-05;2
173;Freya Valentine;voight.flores4032@vibefit.com;7218-9382;2023-09-13;12
174;Victoria Fuentes;freya.potter3359@vibefit.com;7218-5883;2022-07-13;15
175;Suzy Smith;kim.gutierrez7669@vibefit.com;7218-2961;2023-04-27;9
176;John Gutierrez;josh.potter8559@vibefit.com;7218-2230;2024-04-23;8
177;Suzy Holgrem;victoria.vega929@vibefit.com;7218-4516;2020-03-30;8
178;Liss Smith;john.potter8640@vibefit.com;7218-5659;2024-07-01;7
179;Voight Wright;marcos.fuentes979@vibefit.com;7218-2413;2024-11-22;5
180;Kim Holgrem;hector.smith9127@vibefit.com;7218-3276;2025-12-11;7
181;Gregorovich Flores;marcos.potter5524@vibefit.com;7218-7046;2022-10-01;4
182;Marcos Windsor;voight.wright2247@vibefit.com;7218-2818;2022-10-20;6
183;Barbara Wright;hector.potter5733@vibefit.com;7218-6231;2021-12-23;10
184;Suzy Gutierrez;john.saltzman7725@vibefit.com;7218-8117;2021-01-14;3
185;Berit Fuentes;victoria.valentine117@vibefit.com;7218-7362;2023-09-27;5
186;Liss Saltzman;gregorovich.vega1587@vibefit.com;7218-7846;2021-07-15;13
187;Gregorovich Gutierrez;kim.flores6172@vibefit.com;7218-8764;2021-09-18;8
188;Barbara Gutierrez;voight.gutierrez6575@vibefit.com;7218-1943;2025-05-03;12
189;Hector Flores;esme.coleman5284@vibefit.com;7218-9459;2021-06-01;2
190;Barbara Vega;hector.fuentes4403@vibefit.com;7218-4291;2023-11-16;8
191;Esme Saltzman;liss.flores3691@vibefit.com;7218-5913;2020-11-22;3
192;Suzy Flores;hector.fuentes1786@vibefit.com;7218-5133;2022-08-20;6
193;Gregorovich Coleman;freya.flores8585@vibefit.com;7218-5686;2024-03-25;5
194;Suzy Gutierrez;gregorovich.wright3274@vibefit.com;7218-1960;2025-06-07;2
195;Freya Valentine;john.holgrem8010@vibefit.com;7218-2795;2021-10-03;15
196;Josh Saltzman;hector.vega1161@vibefit.com;7218-9919;2025-07-12;14
197;John Potter;josh.windsor4532@vibefit.com;7218-7453;2020-01-26;6
198;Barbara Fuentes;suzy.fuentes7840@vibefit.com;7218-2390;2024-10-14;3
199;Hector Valentine;suzy.holgrem3201@vibefit.com;7218-4372;2025-01-09;3
200;Esme Fuentes;john.winchester7343@vibefit.com;7218-1087;2024-03-22;3
201;Josh Winchester;freya.coleman2663@vibefit.com;7218-2145;2023-05-16;2
202;Hector Coleman;kim.valentine2579@vibefit.com;7218-4252;2022-11-18;7
203;Suzy Vega;berit.fuentes8680@vibefit.com;7218-7374;2022-10-09;14
204;Josh Vega;berit.vega7138@vibefit.com;7218-7892;2021-05-31;8
205;Liss Potter;john.fuentes6796@vibefit.com;7218-9246;2024-07-16;11
206;Esme Smith;suzy.gutierrez8594@vibefit.com;7218-2976;2025-04-06;5
207;Freya Vega;barbara.smith2422@vibefit.com;7218-2394;2021-10-19;11
208;Victoria Flores;liss.coleman7274@vibefit.com;7218-5553;2020-03-17;6
209;Gregorovich Potter;marcos.vega8441@vibefit.com;7218-7623;2023-01-16;9
210;Liss Windsor;barbara.coleman609@vibefit.com;7218-2474;2024-06-05;9
211;Kim Holgrem;liss.winchester2782@vibefit.com;7218-1725;2024-08-13;11
212;Freya Gutierrez;freya.coleman370@vibefit.com;7218-5496;2021-04-01;4
213;Liss Holgrem;gregorovich.valentine3722@vibefit.com;7218-8219;2022-03-20;6
214;Berit Flores;marcos.smith3248@vibefit.com;7218-5411;2020-01-20;13
215;John Wright;marcos.gutierrez5357@vibefit.com;7218-7307;2023-12-22;3
216;Freya Saltzman;suzy.smith191@vibefit.com;7218-8753;2020-11-29;12
217;Marcos Flores;john.holgrem1824@vibefit.com;7218-3798;2020-08-26;2
218;Kim Fuentes;freya.vega4832@vibefit.com;7218-4116;2020-11-19;4
219;John Smith;kim.wright8351@vibefit.com;7218-5693;2023-01-23;15
220;Berit Vega;voight.potter3001@vibefit.com;7218-1711;2024-12-05;5
221;Victoria Fuentes;liss.windsor2144@vibefit.com;7218-3184;2025-02-12;9
222;Gregorovich Wright;suzy.gutierrez6297@vibefit.com;7218-8105;2020-10-31;7
223;Kim Vega;kim.flores9320@vibefit.com;7218-1653;2021-09-22;10
224;Voight Coleman;voight.saltzman1451@vibefit.com;7218-5182;2021-03-03;13
225;Kim Potter;voight.coleman5148@vibefit.com;7218-6744;2024-09-02;14
226;Gregorovich Holgrem;marcos.holgrem7904@vibefit.com;7218-8158;2023-05-12;6
227;Suzy Valentine;voight.vega3603@vibefit.com;7218-4478;2022-02-16;11
228;John Smith;esme.gutierrez1905@vibefit.com;7218-6644;2024-11-09;3
229;Kim Smith;josh.smith2858@vibefit.com;7218-3225;2025-11-03;1
230;Hector Windsor;barbara.wright8304@vibefit.com;7218-5335;2023-06-01;1
231;Kim Holgrem;esme.winchester2041@vibefit.com;7218-6518;2024-09-14;13
232;John Valentine;freya.flores4396@vibefit.com;7218-1492;2023-08-25;3
233;Victoria Winchester;gregorovich.vega978@vibefit.com;7218-7106;2023-08-17;1
234;Liss Coleman;suzy.flores244@vibefit.com;7218-4902;2024-11-27;5
235;Kim Valentine;suzy.saltzman440@vibefit.com;7218-6179;2020-11-15;12
236;Barbara Valentine;suzy.potter4102@vibefit.com;7218-5486;2022-01-10;9
237;John Valentine;marcos.wright4939@vibefit.com;7218-3684;2021-02-15;1
238;Victoria Flores;barbara.smith9524@vibefit.com;7218-4574;2022-12-16;2
239;Josh Smith;liss.vega1884@vibefit.com;7218-1285;2023-09-22;9
240;John Vega;suzy.holgrem1397@vibefit.com;7218-4894;2024-08-18;15
241;Marcos Wright;liss.wright315@vibefit.com;7218-9018;2024-07-02;3
242;Victoria Vega;berit.coleman6429@vibefit.com;7218-4474;2024-06-13;3
243;Victoria Gutierrez;josh.saltzman8310@vibefit.com;7218-5345;2020-11-13;7
244;Berit Smith;hector.holgrem4034@vibefit.com;7218-6854;2023-01-10;13
245;Hector Windsor;gregorovich.potter1721@vibefit.com;7218-5624;2025-02-12;14
246;Barbara Vega;esme.holgrem6111@vibefit.com;7218-6758;2024-05-29;12
247;Liss Smith;gregorovich.windsor4643@vibefit.com;7218-2339;2024-11-27;6
248;Gregorovich Saltzman;barbara.windsor4617@vibefit.com;7218-6043;2024-11-05;14
249;Victoria Flores;suzy.gutierrez5558@vibefit.com;7218-3901;2023-02-04;9
250;Esme Coleman;marcos.coleman5789@vibefit.com;7218-7394;2023-04-15;7
251;Liss Fuentes;marcos.fuentes1734@vibefit.com;7218-3215;2023-10-22;13
252;Freya Smith;esme.gutierrez4738@vibefit.com;7218-6245;2024-05-29;4
253;Esme Wright;hector.fuentes3121@vibefit.com;7218-3603;2024-10-01;12
254;John Coleman;kim.saltzman334@vibefit.com;7218-2337;2023-10-12;10
255;John Fuentes;victoria.coleman6303@vibefit.com;7218-8309;2020-07-27;15
256;Freya Fuentes;marcos.holgrem8185@vibefit.com;7218-4214;2024-11-28;1
257;Gregorovich Windsor;josh.smith7701@vibefit.com;7218-5776;2024-12-04;15
258;Victoria Gutierrez;john.potter7660@vibefit.com;7218-2868;2023-05-29;6
259;Berit Vega;suzy.vega2948@vibefit.com;7218-6756;2025-09-21;11
260;Gregorovich Coleman;berit.wright5276@vibefit.com;7218-2533;2023-01-12;15
261;Liss Saltzman;kim.windsor1847@vibefit.com;7218-4640;2023-02-25;4
262;Hector Potter;marcos.saltzman642@vibefit.com;7218-9823;2024-01-15;11
263;Esme Coleman;marcos.saltzman330@vibefit.com;7218-9220;2022-04-23;13
264;Kim Potter;john.potter6771@vibefit.com;7218-8134;2020-06-14;9
265;Berit Gutierrez;suzy.winchester5981@vibefit.com;7218-4049;2025-08-25;14
266;Berit Flores;suzy.coleman2429@vibefit.com;7218-4408;2024-08-07;8
267;Freya Wright;kim.coleman9456@vibefit.com;7218-7380;2022-04-22;2
268;Hector Potter;gregorovich.potter6215@vibefit.com;7218-6268;2025-09-08;12
269;John Coleman;hector.holgrem6778@vibefit.com;7218-2870;2022-06-18;7
270;Voight Windsor;voight.coleman2041@vibefit.com;7218-5835;2023-01-25;5
271;Berit Smith;gregorovich.fuentes4230@vibefit.com;7218-4194;2024-07-29;8
272;Hector Smith;kim.gutierrez6203@vibefit.com;7218-9377;2021-06-03;2
273;Gregorovich Winchester;liss.fuentes7047@vibefit.com;7218-9034;2021-07-20;8
274;Liss Smith;victoria.coleman7775@vibefit.com;7218-3648;2021-08-19;5
275;Liss Wright;suzy.smith4867@vibefit.com;7218-9388;2023-03-01;10
276;Barbara Flores;berit.smith845@vibefit.com;7218-9911;2024-12-30;10
277;Hector Holgrem;marcos.gutierrez6147@vibefit.com;7218-4763;2024-06-16;15
278;Voight Wright;kim.flores9427@vibefit.com;7218-6410;2023-10-30;11
279;Voight Saltzman;voight.windsor3623@vibefit.com;7218-4017;2020-11-04;7
280;Barbara Valentine;berit.valentine5016@vibefit.com;7218-2455;2024-07-27;1
281;Berit Saltzman;hector.fuentes9098@vibefit.com;7218-9969;2020-03-12;2
282;John Winchester;gregorovich.smith8008@vibefit.com;7218-2054;2025-07-01;12
283;Kim Potter;esme.coleman9052@vibefit.com;7218-5204;2023-05-07;6
284;Voight Valentine;esme.holgrem4128@vibefit.com;7218-1144;2024-06-06;7
285;Voight Flores;marcos.windsor8740@vibefit.com;7218-1947;2021-07-28;13
286;Berit Wright;esme.potter3720@vibefit.com;7218-1219;2021-09-24;11
287;Josh Flores;berit.holgrem8942@vibefit.com;7218-4018;2024-11-25;1
288;Marcos Windsor;suzy.coleman2176@vibefit.com;7218-5676;2024-12-23;7
289;Hector Fuentes;josh.smith1122@vibefit.com;7218-8103;2024-12-29;14
290;Josh Windsor;voight.vega3630@vibefit.com;7218-2030;2024-05-19;11
291;Voight Vega;suzy.flores2356@vibefit.com;7218-6496;2020-12-30;15
292;Freya Wright;esme.potter7121@vibefit.com;7218-3905;2025-07-11;6
293;Josh Smith;voight.vega5845@vibefit.com;7218-2756;2022-01-30;7
294;Barbara Holgrem;suzy.fuentes6720@vibefit.com;7218-3026;2025-10-27;6
295;John Smith;barbara.gutierrez2415@vibefit.com;7218-4502;2024-08-25;10
296;Suzy Windsor;voight.windsor4661@vibefit.com;7218-4317;2025-05-26;9
297;Suzy Holgrem;josh.saltzman5728@vibefit.com;7218-7827;2025-08-13;4
298;Kim Vega;freya.wright823@vibefit.com;7218-9730;2021-01-17;1
299;Voight Coleman;freya.holgrem8501@vibefit.com;7218-6941;2021-05-26;8
300;Voight Coleman;gregorovich.wright2398@vibefit.com;7218-4784;2022-06-30;12
301;Victoria Wright;liss.winchester6307@vibefit.com;7218-4252;2025-10-26;6
302;Hector Flores;hector.winchester8736@vibefit.com;7218-9320;2024-10-03;3
303;Kim Flores;suzy.winchester5688@vibefit.com;7218-3840;2025-07-11;3
304;Voight Saltzman;marcos.flores9291@vibefit.com;7218-4558;2020-03-26;6
305;Esme Vega;victoria.vega4236@vibefit.com;7218-1848;2025-06-21;3
306;Liss Fuentes;john.potter9438@vibefit.com;7218-8169;2025-12-03;14
307;Josh Vega;voight.smith7992@vibefit.com;7218-4562;2024-04-09;5
308;Hector Smith;barbara.vega4603@vibefit.com;7218-1524;2020-09-28;4
309;Barbara Smith;barbara.saltzman9712@vibefit.com;7218-7871;2022-02-12;12
310;Berit Vega;freya.potter946@vibefit.com;7218-8734;2025-06-20;2
311;Kim Smith;liss.wright8939@vibefit.com;7218-5434;2021-12-26;12
312;Barbara Potter;victoria.fuentes2462@vibefit.com;7218-3101;2023-05-31;2
313;Suzy Smith;josh.flores7259@vibefit.com;7218-1205;2025-02-10;7
314;Berit Flores;berit.saltzman4149@vibefit.com;7218-5151;2025-03-13;13
315;Suzy Holgrem;liss.vega2934@vibefit.com;7218-4021;2023-07-09;9
316;Barbara Gutierrez;barbara.windsor8000@vibefit.com;7218-2011;2024-08-03;14
317;Suzy Fuentes;josh.vega8071@vibefit.com;7218-1785;2025-05-30;11
318;Voight Winchester;esme.fuentes3467@vibefit.com;7218-9669;2020-09-11;13
319;Berit Saltzman;kim.windsor106@vibefit.com;7218-1008;2021-04-01;9
320;Voight Coleman;hector.vega3093@vibefit.com;7218-8229;2022-01-14;4
321;Marcos Valentine;suzy.flores7667@vibefit.com;7218-3365;2025-08-06;14
322;Victoria Wright;esme.wright4316@vibefit.com;7218-9010;2023-06-26;8
323;Berit Potter;esme.windsor7718@vibefit.com;7218-7005;2021-08-30;11
324;Voight Smith;suzy.holgrem1012@vibefit.com;7218-8610;2022-06-07;11
325;Kim Fuentes;gregorovich.windsor6140@vibefit.com;7218-7337;2024-12-24;5
326;Freya Vega;josh.gutierrez4026@vibefit.com;7218-5669;2022-09-06;9
327;Marcos Fuentes;victoria.saltzman3941@vibefit.com;7218-7640;2023-03-24;14
328;Gregorovich Winchester;suzy.potter4745@vibefit.com;7218-8759;2025-08-24;8
329;Josh Gutierrez;liss.saltzman7124@vibefit.com;7218-2139;2021-12-10;6
330;Esme Flores;suzy.fuentes9889@vibefit.com;7218-3990;2022-01-11;1
331;Josh Flores;berit.smith1107@vibefit.com;7218-4644;2025-08-20;10
332;Freya Windsor;suzy.flores2326@vibefit.com;7218-8385;2025-07-04;10
333;Kim Valentine;hector.coleman7650@vibefit.com;7218-1024;2021-08-23;1
334;John Valentine;josh.potter1128@vibefit.com;7218-4395;2025-10-13;2
335;Gregorovich Winchester;voight.winchester6785@vibefit.com;7218-9615;2021-01-27;9
336;Voight Gutierrez;john.fuentes6080@vibefit.com;7218-9019;2025-11-08;15
337;Barbara Holgrem;josh.holgrem6096@vibefit.com;7218-3719;2024-10-26;15
338;Berit Flores;victoria.gutierrez3020@vibefit.com;7218-3268;2023-07-02;3
339;Suzy Flores;gregorovich.coleman9845@vibefit.com;7218-9444;2021-02-20;5
340;Freya Winchester;esme.fuentes5899@vibefit.com;7218-7721;2021-03-17;4
341;Voight Gutierrez;gregorovich.gutierrez6963@vibefit.com;7218-1249;2020-08-17;11
342;Hector Fuentes;freya.valentine7692@vibefit.com;7218-7019;2024-10-18;8
343;Hector Flores;josh.potter5780@vibefit.com;7218-2657;2024-05-09;12
344;Barbara Vega;kim.saltzman2208@vibefit.com;7218-1727;2020-07-30;1
345;Liss Coleman;victoria.smith6993@vibefit.com;7218-3490;2024-12-11;10
346;Freya Valentine;suzy.wright4519@vibefit.com;7218-4530;2022-01-22;15
347;Voight Windsor;esme.fuentes3766@vibefit.com;7218-7964;2022-06-30;2
348;Freya Wright;gregorovich.gutierrez2106@vibefit.com;7218-7191;2023-09-10;8
349;Josh Valentine;josh.valentine763@vibefit.com;7218-1278;2022-07-12;3
350;Victoria Vega;john.holgrem6908@vibefit.com;7218-2347;2022-11-13;9
351;Barbara Holgrem;liss.wright526@vibefit.com;7218-1350;2022-05-15;15
352;Barbara Valentine;voight.saltzman6568@vibefit.com;7218-9255;2025-10-08;6
353;Marcos Winchester;victoria.flores2731@vibefit.com;7218-5867;2022-01-16;1
354;Voight Wright;berit.wright1379@vibefit.com;7218-9382;2025-09-29;5
355;John Holgrem;esme.windsor6140@vibefit.com;7218-2711;2021-11-14;2
356;Freya Flores;freya.smith6757@vibefit.com;7218-3135;2025-04-06;2
357;Marcos Coleman;liss.wright9499@vibefit.com;7218-3576;2022-12-21;4
358;John Saltzman;freya.gutierrez8352@vibefit.com;7218-7918;2022-06-04;15
359;Freya Valentine;john.winchester6685@vibefit.com;7218-3343;2023-04-03;7
360;Marcos Flores;barbara.winchester8113@vibefit.com;7218-6495;2020-07-12;15
361;Josh Holgrem;hector.holgrem1106@vibefit.com;7218-6596;2022-05-04;10
362;Voight Windsor;barbara.potter1822@vibefit.com;7218-1863;2024-04-22;11
363;Voight Winchester;voight.gutierrez6709@vibefit.com;7218-6118;2020-06-21;12
364;John Fuentes;kim.saltzman1280@vibefit.com;7218-7493;2020-07-06;15
365;John Valentine;esme.coleman6728@vibefit.com;7218-3727;2024-04-19;6
366;Victoria Wright;john.valentine2008@vibefit.com;7218-5027;2021-08-20;2
367;Berit Flores;liss.holgrem6210@vibefit.com;7218-7537;2024-04-28;13
368;Suzy Flores;kim.fuentes8133@vibefit.com;7218-8325;2023-12-30;10
369;Josh Gutierrez;hector.smith8424@vibefit.com;7218-2244;2022-04-15;2
370;Josh Wright;berit.flores3428@vibefit.com;7218-6899;2023-09-01;12
371;Gregorovich Winchester;kim.gutierrez8046@vibefit.com;7218-6648;2021-07-31;8
372;Josh Fuentes;esme.gutierrez950@vibefit.com;7218-4981;2024-09-30;2
373;Voight Winchester;victoria.flores7412@vibefit.com;7218-5129;2023-06-06;12
374;Hector Flores;kim.fuentes8286@vibefit.com;7218-4440;2023-03-01;8
375;Berit Valentine;victoria.holgrem6725@vibefit.com;7218-5901;2020-10-31;12
376;Suzy Smith;hector.winchester2086@vibefit.com;7218-3521;2023-08-18;8
377;Liss Smith;hector.fuentes1610@vibefit.com;7218-1690;2024-05-13;15
378;Liss Holgrem;esme.holgrem8610@vibefit.com;7218-9472;2023-12-10;7
379;Kim Wright;berit.fuentes7772@vibefit.com;7218-5889;2025-09-14;2
380;Freya Valentine;freya.valentine8021@vibefit.com;7218-7076;2020-12-15;13
381;Esme Fuentes;kim.wright8352@vibefit.com;7218-6558;2024-09-14;3
382;Kim Wright;voight.coleman3913@vibefit.com;7218-1941;2024-11-23;11
383;Victoria Vega;berit.vega4855@vibefit.com;7218-1538;2020-09-23;14
384;Berit Potter;marcos.coleman8722@vibefit.com;7218-4970;2021-03-29;9
385;Josh Holgrem;john.coleman3045@vibefit.com;7218-1533;2025-02-11;2
386;Freya Fuentes;freya.flores6322@vibefit.com;7218-4405;2023-01-21;7
387;John Gutierrez;voight.flores361@vibefit.com;7218-4272;2025-10-18;15
388;Berit Windsor;marcos.flores5986@vibefit.com;7218-2644;2021-08-17;7
389;Berit Holgrem;kim.vega429@vibefit.com;7218-1648;2020-03-27;10
390;Victoria Coleman;victoria.saltzman7673@vibefit.com;7218-4483;2020-06-29;10
391;Gregorovich Windsor;voight.vega195@vibefit.com;7218-9857;2022-11-29;6
392;Freya Windsor;victoria.vega1913@vibefit.com;7218-1800;2023-04-28;14
393;Josh Gutierrez;berit.valentine1806@vibefit.com;7218-2964;2024-08-07;1
394;Esme Holgrem;suzy.fuentes788@vibefit.com;7218-9816;2025-05-25;11
395;Suzy Saltzman;hector.windsor1229@vibefit.com;7218-7895;2022-04-14;5
396;John Smith;hector.potter5940@vibefit.com;7218-6766;2021-09-14;13
397;Freya Coleman;esme.winchester2235@vibefit.com;7218-2938;2024-08-22;1
398;Kim Potter;suzy.coleman114@vibefit.com;7218-3482;2024-04-06;7
399;Liss Windsor;esme.fuentes5599@vibefit.com;7218-7845;2022-12-11;11
400;Freya Wright;john.holgrem1341@vibefit.com;7218-6789;2020-12-20;1
401;Barbara Flores;kim.flores5381@vibefit.com;7218-4043;2024-01-31;11
402;Suzy Flores;gregorovich.wright6136@vibefit.com;7218-7935;2020-08-16;6
403;Liss Potter;gregorovich.winchester8372@vibefit.com;7218-4331;2022-03-24;12
404;Freya Saltzman;josh.potter3435@vibefit.com;7218-5348;2023-01-31;7
405;Esme Gutierrez;marcos.gutierrez9588@vibefit.com;7218-1658;2025-01-24;14
406;Esme Winchester;marcos.flores4798@vibefit.com;7218-3866;2023-08-03;6
407;Hector Gutierrez;hector.vega9071@vibefit.com;7218-5855;2024-03-28;7
408;Gregorovich Saltzman;liss.saltzman8549@vibefit.com;7218-6657;2021-12-27;14
409;Marcos Holgrem;josh.potter6409@vibefit.com;7218-8038;2023-10-13;6
410;Kim Saltzman;berit.smith4355@vibefit.com;7218-9817;2021-05-18;12
411;Kim Wright;victoria.vega8897@vibefit.com;7218-8979;2023-06-16;9
412;Hector Vega;gregorovich.smith7051@vibefit.com;7218-8610;2024-05-22;3
413;Berit Vega;freya.fuentes8100@vibefit.com;7218-1252;2021-12-13;3
414;Liss Holgrem;kim.smith3092@vibefit.com;7218-2864;2025-03-10;2
415;Freya Wright;victoria.windsor1653@vibefit.com;7218-2599;2024-03-02;11
416;Suzy Flores;liss.potter2303@vibefit.com;7218-4429;2020-06-19;2
417;John Smith;voight.coleman7951@vibefit.com;7218-2840;2024-02-26;5
418;Barbara Holgrem;hector.coleman2738@vibefit.com;7218-2888;2022-04-28;13
419;Kim Wright;berit.fuentes4465@vibefit.com;7218-7346;2020-02-08;7
420;Josh Vega;suzy.vega6200@vibefit.com;7218-5926;2024-06-25;2
421;Josh Potter;suzy.valentine1410@vibefit.com;7218-7528;2024-02-19;9
422;Josh Coleman;hector.wright1646@vibefit.com;7218-6603;2021-07-19;8
423;Esme Vega;liss.smith9757@vibefit.com;7218-3930;2023-09-30;5
424;Barbara Vega;suzy.valentine7811@vibefit.com;7218-6949;2021-03-16;7
425;John Windsor;victoria.saltzman6716@vibefit.com;7218-5012;2021-03-19;4
426;Barbara Wright;marcos.gutierrez1580@vibefit.com;7218-3397;2025-10-13;15
427;Hector Windsor;victoria.wright1222@vibefit.com;7218-9817;2025-03-29;12
428;Esme Wright;marcos.vega9467@vibefit.com;7218-6826;2020-02-19;10
429;Kim Fuentes;barbara.vega1929@vibefit.com;7218-5119;2024-01-17;11
430;Marcos Vega;voight.gutierrez9783@vibefit.com;7218-5404;2025-03-09;12
431;Freya Windsor;john.fuentes159@vibefit.com;7218-3461;2025-04-08;7
432;Kim Smith;josh.smith91@vibefit.com;7218-1711;2022-02-18;2
433;Liss Smith;kim.winchester9755@vibefit.com;7218-3437;2020-06-29;6
434;Suzy Vega;kim.vega2646@vibefit.com;7218-4893;2020-08-22;2
435;Gregorovich Windsor;hector.winchester3086@vibefit.com;7218-9669;2020-02-10;15
436;Kim Smith;esme.flores840@vibefit.com;7218-3691;2023-03-07;12
437;John Vega;john.winchester2350@vibefit.com;7218-9066;2020-11-02;5
438;Voight Vega;berit.potter6447@vibefit.com;7218-4231;2023-08-10;4
439;Berit Gutierrez;esme.winchester2116@vibefit.com;7218-6204;2023-08-16;6
440;Barbara Windsor;gregorovich.coleman8121@vibefit.com;7218-5347;2020-07-21;9
441;Voight Winchester;kim.coleman2749@vibefit.com;7218-1892;2025-10-15;9
442;Barbara Fuentes;marcos.holgrem6732@vibefit.com;7218-7967;2025-09-25;3
443;Hector Fuentes;liss.holgrem8226@vibefit.com;7218-8531;2025-09-27;14
444;Victoria Windsor;marcos.coleman7113@vibefit.com;7218-4640;2020-01-19;6
445;Kim Coleman;voight.fuentes9408@vibefit.com;7218-2430;2022-06-01;13
446;Josh Vega;marcos.winchester3466@vibefit.com;7218-8770;2023-04-09;13
447;Liss Gutierrez;josh.winchester9258@vibefit.com;7218-8317;2020-01-18;8
448;Hector Potter;liss.wright1334@vibefit.com;7218-5560;2021-03-06;2
449;Kim Wright;victoria.windsor4959@vibefit.com;7218-6541;2020-11-01;6
450;John Wright;barbara.coleman6802@vibefit.com;7218-6889;2023-11-06;4
451;Suzy Fuentes;victoria.gutierrez7267@vibefit.com;7218-4520;2025-04-21;3
452;Josh Winchester;victoria.holgrem4150@vibefit.com;7218-2053;2023-08-15;8
453;Victoria Wright;esme.windsor5439@vibefit.com;7218-2763;2023-12-20;12
454;John Gutierrez;gregorovich.winchester8487@vibefit.com;7218-5232;2021-03-25;9
455;Freya Flores;gregorovich.windsor6834@vibefit.com;7218-6864;2024-05-10;3
456;Voight Valentine;liss.flores2112@vibefit.com;7218-7015;2024-03-29;6
457;Gregorovich Winchester;victoria.holgrem2648@vibefit.com;7218-9498;2023-09-03;2
458;Esme Vega;suzy.potter1589@vibefit.com;7218-5769;2021-08-18;8
459;Victoria Wright;john.saltzman6914@vibefit.com;7218-8948;2023-07-05;10
460;Berit Coleman;berit.holgrem2043@vibefit.com;7218-6634;2025-09-16;7
461;Josh Coleman;freya.smith3405@vibefit.com;7218-9213;2023-02-02;9
462;Suzy Saltzman;suzy.valentine2507@vibefit.com;7218-6507;2025-09-17;15
463;Berit Fuentes;berit.holgrem6458@vibefit.com;7218-3947;2020-01-11;13
464;Marcos Windsor;marcos.valentine8171@vibefit.com;7218-2417;2023-12-04;7
465;Hector Vega;josh.windsor9527@vibefit.com;7218-8075;2022-08-30;7
466;Barbara Saltzman;barbara.fuentes8484@vibefit.com;7218-6367;2023-10-02;1
467;Esme Wright;suzy.smith2319@vibefit.com;7218-2424;2024-08-12;15
468;John Smith;josh.flores7510@vibefit.com;7218-9489;2021-05-29;2
469;Kim Valentine;hector.potter922@vibefit.com;7218-5850;2020-02-16;7
470;Freya Vega;berit.holgrem3074@vibefit.com;7218-4335;2021-05-19;1
471;Hector Saltzman;marcos.winchester3678@vibefit.com;7218-4356;2024-11-06;1
472;Marcos Saltzman;gregorovich.windsor9854@vibefit.com;7218-3511;2020-08-22;2
473;Suzy Coleman;kim.smith9026@vibefit.com;7218-5912;2025-09-14;4
474;Esme Valentine;gregorovich.winchester2383@vibefit.com;7218-5412;2021-09-12;1
475;Liss Valentine;hector.wright8534@vibefit.com;7218-7264;2021-01-06;6
476;Gregorovich Flores;berit.flores5080@vibefit.com;7218-2166;2023-02-19;13
477;Gregorovich Fuentes;barbara.potter4989@vibefit.com;7218-8909;2023-08-08;3
478;Berit Coleman;marcos.holgrem6380@vibefit.com;7218-7628;2024-01-04;8
479;Voight Valentine;esme.gutierrez8428@vibefit.com;7218-3820;2021-12-18;7
480;Freya Potter;freya.smith5727@vibefit.com;7218-9508;2024-01-19;1
481;Victoria Windsor;hector.coleman6784@vibefit.com;7218-2375;2021-05-19;14
482;Marcos Fuentes;hector.smith5317@vibefit.com;7218-7141;2025-11-22;13
483;Gregorovich Saltzman;esme.fuentes4434@vibefit.com;7218-4670;2020-06-06;4
484;Suzy Windsor;gregorovich.coleman9322@vibefit.com;7218-3681;2025-06-28;4
485;Suzy Vega;berit.holgrem1556@vibefit.com;7218-1357;2020-03-19;12
486;Josh Coleman;hector.saltzman769@vibefit.com;7218-2073;2024-03-23;10
487;Liss Winchester;kim.valentine815@vibefit.com;7218-5828;2023-02-02;9
488;Marcos Holgrem;gregorovich.windsor1320@vibefit.com;7218-7761;2023-04-10;9
489;Marcos Flores;josh.vega8519@vibefit.com;7218-6401;2022-08-17;15
490;Marcos Windsor;kim.saltzman9267@vibefit.com;7218-4812;2023-03-30;15
491;Josh Holgrem;voight.gutierrez3876@vibefit.com;7218-9629;2023-01-14;13
492;Josh Saltzman;josh.flores6294@vibefit.com;7218-1425;2023-09-19;9
493;Kim Wright;freya.fuentes1155@vibefit.com;7218-4684;2023-10-03;15
494;John Holgrem;gregorovich.gutierrez7329@vibefit.com;7218-8298;2021-03-02;5
495;Suzy Coleman;barbara.windsor7596@vibefit.com;7218-8447;2020-11-24;7
496;Berit Winchester;esme.smith2621@vibefit.com;7218-4621;2021-08-20;8
497;Liss Fuentes;suzy.saltzman2144@vibefit.com;7218-9434;2022-09-05;8
498;Victoria Smith;kim.coleman8809@vibefit.com;7218-1319;2024-09-08;15
499;Marcos Coleman;suzy.saltzman2992@vibefit.com;7218-3835;2020-05-05;7
500;Victoria Valentine;marcos.valentine9601@vibefit.com;7218-3419;2025-07-20;12
501;Josh Coleman;barbara.smith6421@vibefit.com;7218-7382;2024-07-07;7
502;Barbara Vega;kim.windsor6384@vibefit.com;7218-7889;2021-03-19;15
503;Voight Windsor;hector.gutierrez3784@vibefit.com;7218-2300;2021-02-24;11
504;Berit Windsor;berit.holgrem4573@vibefit.com;7218-7601;2022-03-12;7
505;Hector Vega;marcos.flores9603@vibefit.com;7218-6921;2020-08-22;12
506;Suzy Smith;freya.flores3847@vibefit.com;7218-9763;2025-01-28;1
507;Marcos Winchester;barbara.potter9407@vibefit.com;7218-2618;2024-05-27;14
508;Voight Fuentes;hector.flores7675@vibefit.com;7218-1255;2022-07-21;12
509;Josh Wright;suzy.smith6919@vibefit.com;7218-4560;2021-05-16;1
510;Hector Potter;berit.flores4824@vibefit.com;7218-1590;2020-11-06;4
511;Barbara Winchester;freya.wright3424@vibefit.com;7218-5532;2021-09-04;2
512;Josh Flores;esme.wright9452@vibefit.com;7218-8138;2021-07-31;8
513;Victoria Coleman;suzy.vega7918@vibefit.com;7218-8658;2021-12-21;4
514;Victoria Coleman;marcos.coleman9674@vibefit.com;7218-1476;2024-06-04;9
515;Liss Flores;john.wright8349@vibefit.com;7218-7423;2020-04-30;4
516;Hector Coleman;kim.gutierrez6401@vibefit.com;7218-7152;2024-04-19;15
517;Barbara Saltzman;berit.holgrem5914@vibefit.com;7218-4256;2024-10-21;15
518;Berit Valentine;barbara.saltzman3666@vibefit.com;7218-1994;2024-04-22;12
519;Esme Coleman;gregorovich.fuentes513@vibefit.com;7218-7256;2020-01-01;5
520;Gregorovich Winchester;john.potter9567@vibefit.com;7218-8870;2020-06-30;10
521;Josh Smith;kim.gutierrez1981@vibefit.com;7218-3279;2021-02-03;1
522;Gregorovich Flores;berit.holgrem6756@vibefit.com;7218-6182;2023-12-22;13
523;Gregorovich Smith;hector.flores4731@vibefit.com;7218-3613;2022-09-22;1
524;Voight Smith;suzy.saltzman366@vibefit.com;7218-1274;2020-12-11;2
525;Marcos Coleman;berit.windsor2866@vibefit.com;7218-7573;2024-05-29;1
526;John Flores;victoria.wright6018@vibefit.com;7218-2784;2022-12-12;15
527;Josh Fuentes;hector.smith9059@vibefit.com;7218-6778;2023-10-10;8
528;Hector Coleman;esme.potter6221@vibefit.com;7218-1845;2020-01-25;1
529;Josh Coleman;kim.wright4098@vibefit.com;7218-2748;2023-02-17;5
530;Kim Winchester;liss.gutierrez6681@vibefit.com;7218-1047;2024-08-31;12
531;Hector Wright;barbara.potter4645@vibefit.com;7218-2255;2024-12-19;10
532;John Potter;suzy.gutierrez806@vibefit.com;7218-1528;2020-11-02;13
533;Barbara Smith;suzy.gutierrez8576@vibefit.com;7218-7561;2021-10-01;11
534;Gregorovich Valentine;freya.smith170@vibefit.com;7218-3830;2024-10-23;8
535;Kim Coleman;john.vega9417@vibefit.com;7218-5979;2023-02-08;12
536;Gregorovich Saltzman;liss.vega4196@vibefit.com;7218-4729;2020-06-21;15
537;Kim Vega;hector.fuentes1482@vibefit.com;7218-4448;2020-10-03;3
538;Gregorovich Flores;suzy.windsor4247@vibefit.com;7218-8307;2023-02-18;1
539;Victoria Coleman;victoria.vega8376@vibefit.com;7218-5820;2020-11-26;1
540;Liss Coleman;freya.gutierrez3424@vibefit.com;7218-5735;2025-02-07;5
541;Barbara Fuentes;gregorovich.fuentes7187@vibefit.com;7218-6854;2023-10-20;6
542;Suzy Holgrem;kim.fuentes4409@vibefit.com;7218-8251;2020-04-12;1
543;Hector Fuentes;suzy.saltzman3893@vibefit.com;7218-9685;2023-12-29;8
544;Liss Gutierrez;kim.flores178@vibefit.com;7218-1035;2022-10-12;8
545;John Saltzman;josh.smith616@vibefit.com;7218-5507;2023-12-02;6
546;John Smith;voight.valentine3909@vibefit.com;7218-2123;2020-07-20;5
547;Josh Fuentes;gregorovich.holgrem2121@vibefit.com;7218-7603;2020-10-09;2
548;Marcos Windsor;liss.potter1281@vibefit.com;7218-2459;2023-08-13;6
549;Kim Saltzman;marcos.valentine4440@vibefit.com;7218-5602;2022-09-16;3
550;Freya Holgrem;john.valentine7567@vibefit.com;7218-3280;2024-02-21;4
551;Liss Gutierrez;suzy.valentine3279@vibefit.com;7218-8132;2023-11-04;10
552;John Valentine;liss.vega4987@vibefit.com;7218-3598;2020-11-10;6
553;Freya Winchester;john.valentine4653@vibefit.com;7218-6039;2024-01-12;2
554;Hector Saltzman;barbara.potter7217@vibefit.com;7218-9992;2020-07-16;10
555;John Windsor;victoria.windsor7819@vibefit.com;7218-6882;2021-11-16;15
556;Marcos Gutierrez;suzy.flores7332@vibefit.com;7218-2818;2021-05-14;9
557;Esme Flores;esme.flores1879@vibefit.com;7218-5874;2025-03-15;5
558;John Valentine;josh.gutierrez992@vibefit.com;7218-4129;2021-12-06;8
559;Berit Saltzman;victoria.flores4439@vibefit.com;7218-1073;2023-06-10;6
560;John Valentine;barbara.coleman1848@vibefit.com;7218-4023;2024-10-16;5
561;Berit Flores;josh.smith3127@vibefit.com;7218-2977;2025-10-04;3
562;Victoria Saltzman;marcos.potter6960@vibefit.com;7218-2656;2021-12-29;8
563;Liss Valentine;voight.vega1107@vibefit.com;7218-9089;2022-04-20;11
564;Berit Flores;barbara.wright6556@vibefit.com;7218-2367;2023-05-14;13
565;Esme Flores;john.potter5322@vibefit.com;7218-9536;2021-09-07;11
566;Hector Windsor;suzy.windsor3558@vibefit.com;7218-7493;2025-06-25;12
567;Hector Vega;kim.fuentes2880@vibefit.com;7218-4920;2024-06-01;3
568;Freya Gutierrez;liss.winchester1626@vibefit.com;7218-4994;2022-11-07;3
569;John Holgrem;john.flores1111@vibefit.com;7218-7219;2025-10-14;13
570;Voight Winchester;barbara.saltzman7780@vibefit.com;7218-4461;2020-02-10;8
571;Kim Gutierrez;josh.coleman6570@vibefit.com;7218-7347;2024-06-05;10
572;Voight Winchester;hector.flores2180@vibefit.com;7218-6563;2024-08-12;5
573;Esme Flores;freya.winchester4913@vibefit.com;7218-8065;2022-07-19;6
574;Voight Fuentes;liss.windsor2387@vibefit.com;7218-3737;2021-06-12;11
575;Berit Holgrem;berit.vega6810@vibefit.com;7218-7809;2022-04-03;10
576;Victoria Flores;esme.winchester62@vibefit.com;7218-8170;2024-04-27;10
577;Kim Saltzman;hector.holgrem7710@vibefit.com;7218-4489;2024-06-27;13
578;Kim Winchester;berit.saltzman2596@vibefit.com;7218-5104;2022-10-04;5
579;Voight Gutierrez;marcos.coleman8361@vibefit.com;7218-5521;2025-03-11;8
580;Victoria Vega;kim.wright7221@vibefit.com;7218-9089;2021-06-25;7
581;Marcos Wright;marcos.winchester1812@vibefit.com;7218-5244;2020-04-07;9
582;Berit Saltzman;john.saltzman8373@vibefit.com;7218-8392;2024-11-11;13
583;Victoria Gutierrez;berit.potter6522@vibefit.com;7218-4289;2021-01-07;11
584;Suzy Smith;josh.gutierrez3204@vibefit.com;7218-4776;2025-11-27;10
585;Barbara Holgrem;josh.gutierrez4607@vibefit.com;7218-2474;2023-04-30;1
586;Hector Potter;kim.fuentes4746@vibefit.com;7218-8791;2021-04-22;13
587;Josh Vega;suzy.winchester9067@vibefit.com;7218-7399;2025-02-17;14
588;Suzy Winchester;voight.potter1630@vibefit.com;7218-9126;2021-06-21;12
589;Victoria Winchester;gregorovich.smith9818@vibefit.com;7218-4070;2020-12-07;9
590;Kim Valentine;berit.potter5557@vibefit.com;7218-1407;2022-07-14;13
591;Esme Gutierrez;liss.valentine6122@vibefit.com;7218-2516;2021-07-16;13
592;Liss Winchester;josh.smith1859@vibefit.com;7218-5251;2025-02-15;3
593;Marcos Vega;suzy.flores9500@vibefit.com;7218-4104;2022-04-15;6
594;Suzy Vega;berit.potter8104@vibefit.com;7218-9778;2023-04-24;11
595;Freya Coleman;hector.smith6594@vibefit.com;7218-1510;2020-06-02;1
596;Barbara Potter;barbara.fuentes8676@vibefit.com;7218-8788;2020-07-08;15
597;Victoria Holgrem;john.winchester4544@vibefit.com;7218-1564;2020-04-20;8
598;John Wright;hector.winchester7217@vibefit.com;7218-9949;2023-11-18;12
599;Barbara Smith;hector.smith4620@vibefit.com;7218-3485;2022-02-12;10
600;Freya Gutierrez;josh.valentine1156@vibefit.com;7218-2464;2025-04-05;3
601;Victoria Coleman;esme.fuentes8640@vibefit.com;7218-5575;2022-11-02;7
602;Barbara Flores;josh.vega8555@vibefit.com;7218-7893;2025-09-09;14
603;Esme Potter;hector.saltzman257@vibefit.com;7218-1068;2024-12-24;2
604;Voight Holgrem;berit.wright2839@vibefit.com;7218-9636;2023-12-31;11
605;Liss Fuentes;voight.flores6086@vibefit.com;7218-5193;2021-12-11;9
606;Kim Windsor;voight.valentine379@vibefit.com;7218-4297;2022-10-10;7
607;Suzy Coleman;hector.gutierrez7955@vibefit.com;7218-7888;2024-07-01;2
608;Victoria Coleman;josh.saltzman8990@vibefit.com;7218-3576;2023-09-04;13
609;Berit Valentine;liss.vega9036@vibefit.com;7218-2295;2022-07-10;9
610;Voight Coleman;berit.coleman7614@vibefit.com;7218-2573;2024-04-13;8
611;Esme Smith;kim.fuentes1361@vibefit.com;7218-6426;2023-11-04;6
612;Liss Flores;hector.flores7143@vibefit.com;7218-5601;2020-12-14;13
613;Hector Smith;victoria.wright4010@vibefit.com;7218-1484;2022-08-07;14
614;Victoria Coleman;marcos.windsor3804@vibefit.com;7218-9366;2024-01-26;13
615;Barbara Saltzman;marcos.winchester8768@vibefit.com;7218-9234;2020-10-01;8
616;Victoria Holgrem;berit.vega8809@vibefit.com;7218-9829;2023-05-30;14
617;Barbara Windsor;barbara.windsor4674@vibefit.com;7218-2401;2023-03-24;4
618;Victoria Holgrem;barbara.smith2114@vibefit.com;7218-7430;2021-01-06;12
619;Freya Winchester;berit.wright3953@vibefit.com;7218-2305;2021-03-15;10
620;Voight Smith;liss.wright7733@vibefit.com;7218-5425;2020-03-29;2
621;Voight Wright;berit.potter1927@vibefit.com;7218-8778;2023-04-01;12
622;Gregorovich Valentine;john.winchester5133@vibefit.com;7218-1756;2021-09-22;9
623;Gregorovich Coleman;voight.fuentes9899@vibefit.com;7218-9950;2020-11-18;7
624;Liss Potter;victoria.coleman9857@vibefit.com;7218-8363;2025-03-14;10
625;John Saltzman;liss.smith5300@vibefit.com;7218-3779;2025-07-27;14
626;Hector Vega;berit.coleman9760@vibefit.com;7218-8374;2021-06-22;7
627;Esme Coleman;freya.potter4256@vibefit.com;7218-4548;2023-04-15;5
628;Barbara Potter;marcos.valentine2645@vibefit.com;7218-6210;2025-08-08;15
629;Freya Smith;voight.gutierrez7651@vibefit.com;7218-3745;2025-08-21;15
630;John Wright;josh.winchester3691@vibefit.com;7218-8272;2021-04-01;5
631;Hector Winchester;marcos.winchester7275@vibefit.com;7218-5780;2024-02-08;8
632;Victoria Wright;kim.flores9813@vibefit.com;7218-4293;2023-07-29;8
633;Victoria Vega;victoria.flores8175@vibefit.com;7218-6180;2021-02-15;1
634;Josh Coleman;victoria.wright203@vibefit.com;7218-7776;2021-11-11;8
635;Freya Fuentes;gregorovich.coleman1402@vibefit.com;7218-8011;2021-10-26;5
636;Esme Potter;josh.flores6565@vibefit.com;7218-6294;2023-02-10;3
637;Marcos Valentine;marcos.valentine6669@vibefit.com;7218-2054;2024-04-29;7
638;Barbara Smith;john.winchester4983@vibefit.com;7218-5867;2025-10-10;14
639;Esme Valentine;barbara.vega7524@vibefit.com;7218-1967;2023-01-31;8
640;Marcos Coleman;gregorovich.flores6241@vibefit.com;7218-9045;2022-06-08;11
641;Gregorovich Smith;voight.valentine6516@vibefit.com;7218-3241;2023-09-14;11
642;Freya Saltzman;esme.winchester6841@vibefit.com;7218-6946;2023-05-03;1
643;Esme Valentine;josh.winchester9781@vibefit.com;7218-2942;2021-12-07;1
644;Liss Holgrem;victoria.vega1695@vibefit.com;7218-4779;2022-08-22;5
645;Hector Holgrem;victoria.gutierrez6610@vibefit.com;7218-1389;2020-06-22;12
646;Suzy Vega;josh.smith7147@vibefit.com;7218-3994;2022-03-08;9
647;Marcos Potter;barbara.fuentes9061@vibefit.com;7218-7754;2024-12-08;11
648;Kim Saltzman;voight.valentine232@vibefit.com;7218-3559;2025-01-28;12
649;John Holgrem;voight.holgrem6927@vibefit.com;7218-4852;2021-11-16;15
650;Victoria Gutierrez;barbara.windsor1676@vibefit.com;7218-4347;2023-01-13;8
651;Liss Wright;barbara.smith8701@vibefit.com;7218-9214;2024-07-11;13
652;Liss Valentine;barbara.wright9026@vibefit.com;7218-1177;2020-11-05;5
653;Josh Coleman;liss.flores4304@vibefit.com;7218-5220;2023-08-23;3
654;Barbara Saltzman;freya.windsor2850@vibefit.com;7218-5650;2022-10-08;15
655;Marcos Windsor;suzy.gutierrez2099@vibefit.com;7218-6425;2020-11-01;12
656;Victoria Windsor;hector.fuentes2730@vibefit.com;7218-4010;2021-01-11;2
657;Liss Valentine;marcos.smith7306@vibefit.com;7218-8841;2021-01-19;7
658;Voight Coleman;berit.gutierrez7707@vibefit.com;7218-2361;2023-02-05;7
659;Gregorovich Holgrem;suzy.holgrem1947@vibefit.com;7218-4140;2023-11-21;13
660;Berit Saltzman;berit.fuentes8645@vibefit.com;7218-1204;2023-01-26;8
661;Barbara Valentine;victoria.coleman3677@vibefit.com;7218-5047;2022-06-12;10
662;Gregorovich Potter;liss.fuentes941@vibefit.com;7218-7360;2020-10-27;10
663;Gregorovich Winchester;hector.flores851@vibefit.com;7218-2330;2025-01-09;5
664;Gregorovich Fuentes;voight.valentine2234@vibefit.com;7218-2495;2023-07-02;3
665;Barbara Fuentes;liss.wright1565@vibefit.com;7218-2845;2023-12-22;5
666;Marcos Winchester;liss.saltzman6999@vibefit.com;7218-1563;2023-05-17;3
667;Liss Potter;barbara.valentine1788@vibefit.com;7218-7769;2025-05-08;5
668;Voight Windsor;suzy.vega1738@vibefit.com;7218-4671;2025-10-19;5
669;Freya Wright;marcos.vega9066@vibefit.com;7218-1688;2023-01-20;11
670;Voight Potter;victoria.holgrem5315@vibefit.com;7218-8899;2022-02-16;6
671;Freya Gutierrez;suzy.gutierrez1083@vibefit.com;7218-9749;2021-11-24;6
672;Esme Winchester;suzy.windsor1098@vibefit.com;7218-5831;2023-10-26;2
673;Gregorovich Potter;freya.flores571@vibefit.com;7218-7321;2021-09-13;6
674;John Holgrem;voight.flores800@vibefit.com;7218-3982;2022-07-01;4
675;Barbara Windsor;marcos.vega4106@vibefit.com;7218-2755;2021-06-24;14
676;Berit Gutierrez;liss.coleman3946@vibefit.com;7218-6605;2025-02-13;3
677;Josh Vega;john.potter2214@vibefit.com;7218-1267;2025-07-23;5
678;Suzy Saltzman;suzy.gutierrez3232@vibefit.com;7218-9809;2025-01-15;3
679;Freya Wright;kim.smith4670@vibefit.com;7218-2648;2023-05-22;10
680;Barbara Fuentes;hector.vega6891@vibefit.com;7218-7209;2021-02-01;9
681;Berit Smith;barbara.smith3278@vibefit.com;7218-4301;2024-02-26;10
682;Freya Valentine;voight.flores1886@vibefit.com;7218-2315;2022-11-11;9
683;Hector Potter;john.potter7755@vibefit.com;7218-9241;2022-05-20;1
684;Barbara Smith;victoria.saltzman1415@vibefit.com;7218-5304;2024-09-30;13
685;Liss Smith;esme.valentine7106@vibefit.com;7218-1316;2022-10-12;1
686;Suzy Potter;gregorovich.flores6683@vibefit.com;7218-5388;2021-05-10;4
687;Suzy Saltzman;marcos.fuentes1728@vibefit.com;7218-1975;2024-01-18;6
688;Josh Coleman;gregorovich.valentine7996@vibefit.com;7218-4320;2020-10-12;1
689;Liss Fuentes;esme.gutierrez563@vibefit.com;7218-1965;2023-07-24;14
690;Voight Saltzman;liss.smith8062@vibefit.com;7218-7106;2021-09-01;6
691;Kim Windsor;voight.windsor1130@vibefit.com;7218-3025;2024-10-17;4
692;Josh Windsor;berit.flores3437@vibefit.com;7218-6754;2020-08-24;13
693;Berit Valentine;berit.windsor3181@vibefit.com;7218-7101;2023-01-31;15
694;John Coleman;berit.saltzman3548@vibefit.com;7218-1857;2025-10-16;5
695;John Vega;josh.coleman2263@vibefit.com;7218-5413;2020-02-07;11
696;Gregorovich Coleman;gregorovich.windsor3543@vibefit.com;7218-8651;2022-01-02;2
697;Marcos Flores;victoria.flores4762@vibefit.com;7218-4138;2020-04-21;2
698;Kim Gutierrez;suzy.holgrem4794@vibefit.com;7218-8655;2025-10-23;9
699;Esme Windsor;esme.gutierrez8019@vibefit.com;7218-3857;2025-07-15;9
700;Liss Smith;marcos.windsor6401@vibefit.com;7218-2190;2020-08-01;5
701;Josh Winchester;gregorovich.valentine2158@vibefit.com;7218-5306;2021-03-09;14
702;Marcos Holgrem;hector.windsor317@vibefit.com;7218-6653;2022-01-02;11
703;Josh Fuentes;hector.potter5280@vibefit.com;7218-1676;2020-02-08;14
704;Suzy Coleman;freya.winchester9282@vibefit.com;7218-5973;2020-11-15;5
705;Liss Potter;kim.wright8924@vibefit.com;7218-3184;2022-08-26;13
706;Gregorovich Flores;barbara.winchester8024@vibefit.com;7218-2088;2021-08-03;14
707;Voight Smith;josh.coleman2694@vibefit.com;7218-1868;2024-12-21;11
708;Gregorovich Potter;suzy.flores9013@vibefit.com;7218-9111;2025-08-31;10
709;Suzy Potter;suzy.potter6092@vibefit.com;7218-5331;2021-01-01;6
710;John Winchester;victoria.valentine7372@vibefit.com;7218-1265;2025-05-07;15
711;Kim Saltzman;esme.coleman2545@vibefit.com;7218-3742;2025-04-06;6
712;Voight Coleman;liss.gutierrez6694@vibefit.com;7218-1660;2023-05-08;1
713;Liss Valentine;liss.flores5455@vibefit.com;7218-7934;2025-09-01;14
714;Victoria Coleman;gregorovich.windsor2944@vibefit.com;7218-7503;2022-02-24;5
715;Gregorovich Saltzman;josh.valentine1972@vibefit.com;7218-2741;2023-04-20;3
716;Esme Gutierrez;john.potter3926@vibefit.com;7218-8592;2025-11-26;13
717;Suzy Holgrem;barbara.flores693@vibefit.com;7218-8066;2021-06-13;8
718;Victoria Winchester;esme.windsor7582@vibefit.com;7218-5406;2020-08-23;12
719;Victoria Fuentes;josh.coleman3359@vibefit.com;7218-3607;2021-03-12;3
720;Esme Vega;josh.fuentes5043@vibefit.com;7218-3488;2022-07-23;4
721;Marcos Coleman;voight.winchester7596@vibefit.com;7218-1609;2021-11-09;15
722;Barbara Gutierrez;suzy.potter9467@vibefit.com;7218-3107;2022-09-09;12
723;Hector Coleman;berit.vega6587@vibefit.com;7218-1443;2024-05-05;6
724;Liss Flores;josh.valentine7774@vibefit.com;7218-4915;2025-02-28;12
725;Esme Smith;voight.vega5391@vibefit.com;7218-8443;2020-05-11;10
726;Kim Winchester;barbara.potter1790@vibefit.com;7218-5289;2020-09-19;1
727;Barbara Gutierrez;freya.valentine526@vibefit.com;7218-9049;2021-04-07;1
728;Marcos Coleman;josh.wright7147@vibefit.com;7218-1790;2024-12-17;7
729;Kim Windsor;john.coleman619@vibefit.com;7218-8686;2021-05-29;9
730;Kim Gutierrez;liss.gutierrez3909@vibefit.com;7218-9613;2021-05-26;10
731;Kim Vega;esme.gutierrez1064@vibefit.com;7218-5118;2024-12-18;9
732;Suzy Flores;barbara.gutierrez1730@vibefit.com;7218-6581;2020-05-18;12
733;Esme Saltzman;gregorovich.valentine6527@vibefit.com;7218-8452;2024-04-15;6
734;Marcos Gutierrez;suzy.coleman7571@vibefit.com;7218-3755;2020-08-24;12
735;Kim Winchester;john.coleman5347@vibefit.com;7218-1714;2021-09-16;13
736;Marcos Fuentes;liss.valentine7009@vibefit.com;7218-6159;2022-09-27;13
737;Hector Smith;liss.flores8317@vibefit.com;7218-1384;2024-01-13;2
738;Josh Gutierrez;berit.fuentes6088@vibefit.com;7218-3195;2024-11-03;9
739;Kim Valentine;josh.potter5770@vibefit.com;7218-7279;2024-11-14;3
740;Kim Potter;hector.smith7377@vibefit.com;7218-7929;2025-04-19;9
741;Josh Holgrem;suzy.potter1655@vibefit.com;7218-6765;2024-07-17;15
742;Marcos Saltzman;marcos.winchester9582@vibefit.com;7218-8019;2024-06-12;12
743;Suzy Coleman;kim.vega9262@vibefit.com;7218-4132;2020-03-11;3
744;Freya Saltzman;voight.gutierrez3931@vibefit.com;7218-3968;2022-05-05;10
745;Berit Wright;suzy.wright7949@vibefit.com;7218-8002;2024-03-29;11
746;Voight Holgrem;esme.saltzman7855@vibefit.com;7218-5086;2024-07-20;2
747;John Flores;john.holgrem3693@vibefit.com;7218-4337;2020-07-29;3
748;Suzy Wright;john.fuentes2440@vibefit.com;7218-7897;2022-06-22;7
749;Esme Vega;voight.potter1949@vibefit.com;7218-8233;2021-12-20;14
750;Kim Windsor;liss.windsor1933@vibefit.com;7218-3972;2021-09-11;2
751;Freya Saltzman;gregorovich.holgrem4756@vibefit.com;7218-3817;2021-01-12;4
752;Barbara Potter;barbara.vega8457@vibefit.com;7218-5767;2022-06-06;14
753;Freya Saltzman;berit.vega1863@vibefit.com;7218-7919;2024-06-15;7
754;Esme Saltzman;freya.coleman4292@vibefit.com;7218-6286;2025-04-09;1
755;Josh Potter;berit.gutierrez3616@vibefit.com;7218-3455;2020-11-30;9
756;Josh Wright;barbara.gutierrez4601@vibefit.com;7218-8612;2023-05-18;5
757;Barbara Wright;hector.winchester6816@vibefit.com;7218-3195;2020-04-27;12
758;John Winchester;victoria.vega4531@vibefit.com;7218-4998;2023-11-24;10
759;Barbara Potter;barbara.valentine4004@vibefit.com;7218-7233;2025-07-30;8
760;Gregorovich Saltzman;suzy.coleman2480@vibefit.com;7218-6831;2025-05-25;11
761;Josh Vega;barbara.vega3908@vibefit.com;7218-7773;2020-11-25;13
762;Gregorovich Smith;suzy.potter5306@vibefit.com;7218-2562;2021-01-25;4
763;Freya Vega;suzy.gutierrez1220@vibefit.com;7218-3607;2024-03-31;14
764;Kim Gutierrez;barbara.valentine4740@vibefit.com;7218-6356;2025-02-07;11
765;Gregorovich Potter;josh.valentine2870@vibefit.com;7218-9983;2022-10-18;14
766;Hector Coleman;hector.windsor4247@vibefit.com;7218-9348;2025-07-31;8
767;Barbara Gutierrez;gregorovich.windsor7753@vibefit.com;7218-4315;2020-07-19;10
768;Barbara Saltzman;esme.windsor5802@vibefit.com;7218-4065;2022-10-07;10
769;Kim Smith;berit.coleman7434@vibefit.com;7218-5879;2022-03-23;4
770;Victoria Smith;freya.wright4781@vibefit.com;7218-4687;2021-02-08;13
771;Marcos Flores;josh.valentine3886@vibefit.com;7218-4382;2023-02-03;15
772;Josh Holgrem;berit.gutierrez2561@vibefit.com;7218-2836;2020-09-22;5
773;Kim Smith;marcos.winchester7408@vibefit.com;7218-7145;2024-05-23;1
774;Berit Valentine;esme.potter5918@vibefit.com;7218-1842;2023-05-01;11
775;Suzy Fuentes;freya.fuentes5911@vibefit.com;7218-5712;2025-01-22;14
776;Liss Valentine;berit.saltzman6366@vibefit.com;7218-3150;2021-01-14;8
777;John Coleman;gregorovich.winchester8181@vibefit.com;7218-1933;2023-04-15;1
778;Gregorovich Fuentes;barbara.vega639@vibefit.com;7218-1037;2023-08-20;3
779;Freya Holgrem;hector.coleman8931@vibefit.com;7218-6792;2023-04-07;5
780;Barbara Gutierrez;suzy.winchester2965@vibefit.com;7218-1838;2022-09-12;1
781;Hector Flores;gregorovich.potter8507@vibefit.com;7218-7271;2023-03-30;13
782;Victoria Smith;john.winchester6344@vibefit.com;7218-3201;2022-08-26;14
783;Marcos Coleman;marcos.gutierrez6300@vibefit.com;7218-6772;2023-01-26;15
784;Gregorovich Fuentes;marcos.valentine4783@vibefit.com;7218-3510;2023-07-04;2
785;Kim Wright;gregorovich.winchester2280@vibefit.com;7218-4758;2023-09-19;13
786;Berit Holgrem;barbara.vega8411@vibefit.com;7218-3981;2025-10-12;7
787;Hector Wright;barbara.gutierrez4938@vibefit.com;7218-4207;2020-08-27;2
788;Voight Coleman;barbara.gutierrez1603@vibefit.com;7218-7893;2021-10-08;8
789;Kim Valentine;hector.vega2489@vibefit.com;7218-4093;2021-04-08;10
790;Freya Coleman;hector.fuentes9595@vibefit.com;7218-4036;2020-03-31;7
791;John Flores;kim.wright386@vibefit.com;7218-4172;2023-02-26;9
792;Marcos Windsor;esme.winchester3149@vibefit.com;7218-3183;2023-10-23;1
793;Josh Wright;victoria.holgrem771@vibefit.com;7218-2485;2024-08-24;3
794;Suzy Coleman;esme.wright5519@vibefit.com;7218-7037;2020-09-20;13
795;John Holgrem;gregorovich.vega4811@vibefit.com;7218-1716;2023-05-18;1
796;Freya Vega;liss.fuentes9552@vibefit.com;7218-6059;2025-01-13;4
797;Josh Windsor;hector.windsor6491@vibefit.com;7218-1301;2025-01-12;7
798;Freya Potter;barbara.vega2447@vibefit.com;7218-7913;2021-12-05;5
799;Josh Holgrem;suzy.flores9914@vibefit.com;7218-3464;2022-03-27;9
800;Marcos Valentine;victoria.flores3489@vibefit.com;7218-6692;2021-10-30;5
801;Victoria Flores;marcos.winchester8248@vibefit.com;7218-6073;2021-09-25;6
802;Kim Flores;gregorovich.potter5084@vibefit.com;7218-3334;2020-03-15;1
803;Marcos Flores;liss.coleman1110@vibefit.com;7218-6929;2024-03-29;1
804;Marcos Valentine;freya.potter8587@vibefit.com;7218-4823;2025-01-14;1
805;Victoria Smith;liss.flores3650@vibefit.com;7218-8079;2024-01-27;13
806;Voight Smith;berit.coleman765@vibefit.com;7218-7928;2022-06-29;8
807;Esme Winchester;freya.vega9775@vibefit.com;7218-3912;2022-01-24;12
808;Liss Potter;marcos.potter2632@vibefit.com;7218-9201;2022-05-31;11
809;Voight Wright;voight.wright1028@vibefit.com;7218-7787;2023-05-05;13
810;Hector Saltzman;hector.windsor8325@vibefit.com;7218-1508;2020-11-16;13
811;Kim Smith;esme.valentine5055@vibefit.com;7218-5572;2022-12-01;10
812;Berit Saltzman;marcos.potter9595@vibefit.com;7218-9602;2022-10-23;7
813;Berit Potter;kim.winchester8079@vibefit.com;7218-6901;2021-12-03;14
814;Suzy Gutierrez;liss.windsor6269@vibefit.com;7218-2480;2023-04-08;1
815;Josh Smith;voight.valentine8252@vibefit.com;7218-2821;2022-12-04;13
816;Voight Gutierrez;esme.flores5776@vibefit.com;7218-1058;2020-06-03;15
817;Berit Smith;john.fuentes2145@vibefit.com;7218-1091;2022-06-21;15
818;Kim Winchester;marcos.fuentes8247@vibefit.com;7218-6978;2022-11-28;9
819;Barbara Holgrem;esme.vega767@vibefit.com;7218-1125;2021-03-08;13
820;Liss Wright;kim.vega5734@vibefit.com;7218-6092;2024-05-28;15
821;John Windsor;barbara.fuentes1326@vibefit.com;7218-2484;2022-03-01;12
822;Liss Saltzman;esme.vega3810@vibefit.com;7218-2240;2020-05-22;11
823;Gregorovich Flores;gregorovich.vega5791@vibefit.com;7218-3171;2022-09-18;11
824;Marcos Winchester;victoria.coleman3806@vibefit.com;7218-9617;2025-09-03;6
825;Liss Coleman;kim.gutierrez2579@vibefit.com;7218-3131;2024-10-10;1
826;Liss Windsor;hector.smith126@vibefit.com;7218-5543;2022-07-29;14
827;Gregorovich Wright;marcos.winchester8951@vibefit.com;7218-2716;2021-01-29;11
828;Liss Windsor;freya.valentine3962@vibefit.com;7218-9497;2024-03-08;8
829;Esme Gutierrez;josh.fuentes2410@vibefit.com;7218-1182;2023-11-25;13
830;Kim Windsor;esme.saltzman1645@vibefit.com;7218-1212;2021-07-25;15
831;Freya Potter;voight.windsor7115@vibefit.com;7218-2124;2024-07-19;6
832;Barbara Fuentes;voight.saltzman2461@vibefit.com;7218-8746;2024-02-29;5
833;Berit Valentine;kim.vega5068@vibefit.com;7218-8338;2021-01-11;4
834;Suzy Holgrem;josh.valentine1862@vibefit.com;7218-1001;2025-03-16;7
835;Esme Gutierrez;marcos.gutierrez1686@vibefit.com;7218-2299;2025-12-10;13
836;Hector Smith;john.gutierrez898@vibefit.com;7218-9830;2025-06-01;7
837;Kim Smith;marcos.saltzman4954@vibefit.com;7218-8310;2024-09-07;14
838;Liss Valentine;barbara.coleman1131@vibefit.com;7218-2990;2024-02-19;15
839;Berit Saltzman;suzy.coleman548@vibefit.com;7218-1838;2022-01-30;6
840;John Flores;barbara.valentine8473@vibefit.com;7218-1836;2023-10-26;10
841;John Vega;barbara.gutierrez5508@vibefit.com;7218-1021;2023-01-19;14
842;Marcos Flores;john.winchester8014@vibefit.com;7218-3605;2024-10-21;3
843;Berit Potter;voight.valentine6680@vibefit.com;7218-5889;2020-04-22;9
844;Josh Winchester;berit.gutierrez8029@vibefit.com;7218-7642;2022-08-27;10
845;Josh Potter;kim.saltzman9383@vibefit.com;7218-7277;2024-09-19;13
846;Kim Vega;suzy.flores2611@vibefit.com;7218-6827;2025-05-23;8
847;Victoria Winchester;suzy.saltzman2676@vibefit.com;7218-1069;2020-12-04;11
848;Gregorovich Fuentes;kim.gutierrez2212@vibefit.com;7218-1914;2021-04-01;6
849;Barbara Winchester;marcos.windsor9761@vibefit.com;7218-8308;2021-09-22;2
850;Hector Smith;voight.wright1883@vibefit.com;7218-5568;2022-12-09;3
851;Berit Smith;marcos.fuentes3082@vibefit.com;7218-5118;2021-02-07;10
852;Kim Valentine;esme.fuentes6169@vibefit.com;7218-1977;2024-06-26;7
853;Liss Wright;freya.holgrem1237@vibefit.com;7218-4691;2025-10-05;3
854;John Smith;victoria.smith5069@vibefit.com;7218-7265;2022-11-01;13
855;Barbara Flores;voight.smith5755@vibefit.com;7218-6849;2024-09-19;13
856;Kim Vega;josh.coleman6866@vibefit.com;7218-9252;2025-12-23;10
857;Gregorovich Coleman;suzy.flores8793@vibefit.com;7218-3250;2020-09-11;11
858;Esme Coleman;marcos.smith3068@vibefit.com;7218-1433;2023-05-13;7
859;John Holgrem;gregorovich.gutierrez8652@vibefit.com;7218-8211;2022-03-26;4
860;Voight Potter;gregorovich.holgrem3049@vibefit.com;7218-2484;2020-12-29;13
861;Voight Fuentes;marcos.fuentes8280@vibefit.com;7218-9447;2022-03-30;12
862;Freya Fuentes;freya.coleman372@vibefit.com;7218-1189;2022-07-26;13
863;Josh Vega;suzy.flores3071@vibefit.com;7218-1240;2021-04-28;3
864;John Windsor;hector.saltzman4050@vibefit.com;7218-7981;2024-09-07;9
865;Barbara Holgrem;liss.holgrem1799@vibefit.com;7218-1393;2023-09-20;11
866;Freya Saltzman;hector.smith1580@vibefit.com;7218-7256;2025-10-25;3
867;Esme Gutierrez;marcos.windsor4295@vibefit.com;7218-1916;2021-02-28;13
868;John Saltzman;josh.fuentes4466@vibefit.com;7218-8774;2025-05-27;9
869;Suzy Holgrem;victoria.holgrem1104@vibefit.com;7218-5462;2020-02-19;12
870;Hector Valentine;freya.saltzman3307@vibefit.com;7218-5494;2024-07-11;15
871;Liss Flores;kim.wright9044@vibefit.com;7218-8910;2021-06-04;6
872;Berit Saltzman;john.wright875@vibefit.com;7218-6777;2022-02-08;14
873;Freya Windsor;freya.fuentes5643@vibefit.com;7218-1490;2021-12-24;9
874;Suzy Fuentes;freya.wright9372@vibefit.com;7218-7292;2023-07-22;9
875;Kim Flores;liss.vega1780@vibefit.com;7218-8259;2022-07-31;7
876;Gregorovich Winchester;kim.potter2198@vibefit.com;7218-3705;2023-03-15;13
877;Freya Coleman;hector.holgrem788@vibefit.com;7218-5377;2024-09-15;13
878;Suzy Holgrem;suzy.wright7241@vibefit.com;7218-7821;2023-12-30;2
879;Hector Potter;gregorovich.winchester6647@vibefit.com;7218-2682;2022-08-16;11
880;Suzy Windsor;john.fuentes770@vibefit.com;7218-1501;2024-09-05;7
881;Kim Wright;berit.coleman7435@vibefit.com;7218-3669;2020-09-16;10
882;Liss Wright;marcos.vega4361@vibefit.com;7218-2872;2025-09-09;5
883;Berit Vega;marcos.vega5700@vibefit.com;7218-1163;2023-12-27;4
884;Hector Windsor;freya.fuentes290@vibefit.com;7218-2132;2025-10-06;9
885;Freya Fuentes;victoria.flores8920@vibefit.com;7218-1797;2023-04-05;4
886;John Saltzman;hector.coleman6590@vibefit.com;7218-7589;2021-04-24;12
887;Freya Flores;marcos.wright3442@vibefit.com;7218-4723;2025-10-08;5
888;Barbara Vega;voight.smith8883@vibefit.com;7218-6298;2021-06-07;9
889;Barbara Wright;hector.valentine6344@vibefit.com;7218-6208;2025-06-13;10
890;Gregorovich Holgrem;victoria.windsor7322@vibefit.com;7218-9957;2020-03-18;4
891;Josh Wright;victoria.potter7624@vibefit.com;7218-2134;2021-11-26;4
892;Josh Potter;victoria.windsor4082@vibefit.com;7218-1005;2023-07-08;7
893;Kim Flores;gregorovich.vega4956@vibefit.com;7218-2048;2024-10-16;7
894;Victoria Wright;john.saltzman8014@vibefit.com;7218-2036;2025-11-10;14
895;Berit Valentine;voight.vega5767@vibefit.com;7218-9483;2023-12-18;7
896;John Flores;marcos.smith9735@vibefit.com;7218-9244;2024-07-02;12
897;Suzy Windsor;voight.flores3482@vibefit.com;7218-8201;2024-08-26;14
898;Kim Gutierrez;berit.wright8034@vibefit.com;7218-1818;2023-08-17;3
899;Hector Winchester;freya.vega3070@vibefit.com;7218-8917;2025-04-25;14
900;Victoria Smith;john.winchester3568@vibefit.com;7218-9097;2022-09-28;11
901;Esme Holgrem;kim.holgrem7436@vibefit.com;7218-2647;2024-06-29;9
902;John Valentine;suzy.winchester932@vibefit.com;7218-6110;2025-02-21;2
903;Esme Potter;voight.winchester6466@vibefit.com;7218-7938;2020-09-07;15
904;John Vega;marcos.saltzman8795@vibefit.com;7218-6146;2020-04-04;7
905;Josh Coleman;berit.smith8505@vibefit.com;7218-6042;2024-03-30;15
906;Freya Coleman;voight.winchester8059@vibefit.com;7218-1469;2025-02-05;12
907;John Potter;suzy.fuentes9749@vibefit.com;7218-8386;2025-02-25;15
908;John Saltzman;berit.fuentes9015@vibefit.com;7218-2440;2025-07-21;9
909;John Saltzman;john.vega9392@vibefit.com;7218-8450;2020-08-18;6
910;Marcos Wright;voight.smith253@vibefit.com;7218-3375;2024-09-08;6
911;Kim Coleman;josh.potter5956@vibefit.com;7218-3997;2022-07-12;2
912;Suzy Coleman;hector.valentine3839@vibefit.com;7218-8801;2025-08-08;10
913;Berit Holgrem;liss.vega4171@vibefit.com;7218-4996;2023-04-01;14
914;Victoria Vega;marcos.valentine8542@vibefit.com;7218-6125;2021-07-27;6
915;Suzy Wright;john.wright6464@vibefit.com;7218-3968;2021-05-19;3
916;Hector Flores;marcos.holgrem5190@vibefit.com;7218-3794;2024-08-24;3
917;Esme Valentine;suzy.gutierrez5491@vibefit.com;7218-8963;2025-12-18;4
918;Kim Vega;kim.windsor2169@vibefit.com;7218-2175;2025-05-10;6
919;Marcos Potter;esme.coleman2789@vibefit.com;7218-7926;2024-10-11;8
920;Marcos Valentine;suzy.saltzman5885@vibefit.com;7218-7134;2023-06-28;12
921;Esme Holgrem;barbara.potter4884@vibefit.com;7218-9143;2020-01-02;9
922;Esme Coleman;hector.flores3075@vibefit.com;7218-2668;2021-08-09;14
923;Josh Smith;hector.holgrem8666@vibefit.com;7218-7834;2020-05-09;4
924;Esme Potter;gregorovich.wright5631@vibefit.com;7218-9666;2023-12-17;11
925;Gregorovich Flores;victoria.vega5770@vibefit.com;7218-4736;2023-06-16;3
926;Josh Gutierrez;hector.vega305@vibefit.com;7218-1492;2020-06-24;7
927;Hector Flores;gregorovich.saltzman1157@vibefit.com;7218-8374;2020-08-19;7
928;Voight Potter;esme.holgrem28@vibefit.com;7218-4496;2024-12-28;14
929;Hector Valentine;barbara.winchester7435@vibefit.com;7218-2852;2023-09-11;10
930;Suzy Flores;josh.flores1365@vibefit.com;7218-9454;2020-01-22;15
931;Josh Wright;kim.flores1564@vibefit.com;7218-9200;2023-10-18;5
932;Marcos Valentine;suzy.flores2097@vibefit.com;7218-5773;2025-12-10;15
933;Berit Flores;kim.potter7150@vibefit.com;7218-7425;2021-11-08;1
934;Kim Potter;hector.smith2133@vibefit.com;7218-5323;2025-06-21;11
935;Freya Smith;hector.saltzman468@vibefit.com;7218-2367;2022-08-22;2
936;Hector Wright;gregorovich.vega7477@vibefit.com;7218-2652;2020-01-06;7
937;Berit Vega;john.coleman4566@vibefit.com;7218-5797;2022-07-19;15
938;Freya Winchester;marcos.coleman7148@vibefit.com;7218-8211;2024-10-04;11
939;Voight Holgrem;berit.winchester7790@vibefit.com;7218-5662;2024-01-25;8
940;Berit Smith;berit.holgrem4626@vibefit.com;7218-3057;2022-09-17;2
941;Barbara Windsor;berit.vega666@vibefit.com;7218-9763;2024-12-12;13
942;John Holgrem;freya.potter3073@vibefit.com;7218-6173;2025-05-24;4
943;Kim Winchester;barbara.smith7843@vibefit.com;7218-5830;2022-01-15;10
944;Gregorovich Fuentes;berit.valentine8581@vibefit.com;7218-7292;2020-07-30;15
945;Esme Saltzman;kim.holgrem1923@vibefit.com;7218-4162;2022-09-23;5
946;Berit Flores;freya.wright7017@vibefit.com;7218-3947;2024-07-17;12
947;Kim Smith;voight.fuentes4480@vibefit.com;7218-5835;2023-09-06;4
948;Esme Coleman;voight.gutierrez737@vibefit.com;7218-3157;2024-02-25;1
949;Gregorovich Flores;barbara.coleman6217@vibefit.com;7218-9506;2020-05-09;13
950;Josh Windsor;voight.valentine941@vibefit.com;7218-9429;2022-02-05;1
951;Victoria Valentine;john.valentine1665@vibefit.com;7218-6932;2020-11-17;15
952;Marcos Smith;barbara.windsor2533@vibefit.com;7218-4868;2024-02-27;8
953;Freya Flores;liss.smith7641@vibefit.com;7218-6760;2025-08-19;7
954;Hector Vega;marcos.flores7469@vibefit.com;7218-1564;2023-08-22;14
955;Victoria Smith;hector.smith9139@vibefit.com;7218-9767;2023-11-29;12
956;Suzy Flores;freya.saltzman7425@vibefit.com;7218-3743;2023-06-17;3
957;Esme Holgrem;hector.winchester1540@vibefit.com;7218-1589;2025-10-01;10
958;Kim Potter;marcos.valentine9197@vibefit.com;7218-7440;2021-08-22;2
959;Liss Vega;suzy.holgrem311@vibefit.com;7218-3655;2022-07-18;10
960;Victoria Winchester;freya.saltzman6928@vibefit.com;7218-9814;2023-07-07;12
961;Suzy Saltzman;freya.saltzman9832@vibefit.com;7218-2242;2020-10-15;13
962;Voight Winchester;hector.vega6304@vibefit.com;7218-8483;2022-12-08;3
963;Josh Wright;kim.saltzman3707@vibefit.com;7218-6891;2023-06-12;13
964;Freya Smith;liss.smith3585@vibefit.com;7218-6511;2021-02-16;9
965;Barbara Fuentes;john.windsor7627@vibefit.com;7218-2089;2020-12-29;11
966;Josh Wright;barbara.vega8909@vibefit.com;7218-3512;2022-04-19;13
967;John Fuentes;john.fuentes6318@vibefit.com;7218-8619;2024-11-09;6
968;Kim Vega;hector.winchester614@vibefit.com;7218-7422;2025-05-22;12
969;Esme Fuentes;barbara.wright5409@vibefit.com;7218-9399;2020-12-15;3
970;Victoria Vega;josh.valentine7059@vibefit.com;7218-2692;2023-05-14;2
971;John Gutierrez;barbara.gutierrez1384@vibefit.com;7218-1756;2023-04-01;15
972;Victoria Holgrem;kim.gutierrez2695@vibefit.com;7218-2856;2024-06-08;14
973;Kim Smith;berit.windsor6026@vibefit.com;7218-5232;2021-03-26;7
974;Freya Flores;john.wright106@vibefit.com;7218-7995;2024-05-19;1
975;Berit Valentine;marcos.saltzman3299@vibefit.com;7218-5440;2024-07-14;2
976;Liss Wright;marcos.fuentes5538@vibefit.com;7218-9468;2025-12-18;9
977;Esme Smith;gregorovich.valentine6540@vibefit.com;7218-7589;2023-01-20;2
978;Kim Coleman;berit.saltzman9965@vibefit.com;7218-8167;2020-04-01;10
979;Victoria Vega;freya.flores7837@vibefit.com;7218-5378;2022-04-30;2
980;Hector Gutierrez;john.windsor1476@vibefit.com;7218-5426;2020-04-07;6
981;Liss Windsor;gregorovich.flores2337@vibefit.com;7218-1684;2022-07-03;10
982;Marcos Gutierrez;voight.holgrem1245@vibefit.com;7218-9150;2021-08-06;14
983;Hector Fuentes;victoria.potter8226@vibefit.com;7218-8245;2023-11-15;15
984;Marcos Wright;victoria.windsor8988@vibefit.com;7218-1530;2022-07-22;11
985;Esme Coleman;gregorovich.holgrem7000@vibefit.com;7218-2649;2023-09-23;14
986;Josh Wright;freya.potter7921@vibefit.com;7218-4947;2022-05-10;12
987;Voight Smith;suzy.holgrem6885@vibefit.com;7218-4808;2023-12-23;1
988;Josh Smith;kim.vega7821@vibefit.com;7218-1839;2020-09-06;3
989;John Winchester;esme.saltzman1454@vibefit.com;7218-6766;2024-10-24;14
990;Berit Coleman;voight.vega5896@vibefit.com;7218-2107;2025-03-03;14
991;Suzy Vega;suzy.holgrem9956@vibefit.com;7218-9323;2021-01-10;2
992;Gregorovich Wright;gregorovich.vega8058@vibefit.com;7218-6911;2024-03-30;8
993;Liss Coleman;gregorovich.holgrem3428@vibefit.com;7218-8627;2025-08-26;12
994;Esme Gutierrez;esme.windsor2793@vibefit.com;7218-1197;2025-03-10;8
995;Voight Saltzman;freya.saltzman4133@vibefit.com;7218-7285;2025-06-21;5
996;Gregorovich Fuentes;hector.flores5834@vibefit.com;7218-6360;2023-04-19;6
997;Hector Vega;esme.flores7542@vibefit.com;7218-2382;2025-08-02;4
998;Victoria Flores;liss.wright1946@vibefit.com;7218-8871;2025-02-25;13
999;Victoria Valentine;suzy.winchester1368@vibefit.com;7218-7014;2024-07-24;14
